item_id,conversation_id,domain,turn,winner,content_completeness_A,content_completeness_B,question_relevance_A,question_relevance_B,specificity_sharpness_A,specificity_sharpness_B,no_noise_A,no_noise_B,usefulness_A,usefulness_B,seed_effect_after_choice,noise_or_hallucinated_relevance,exclude_from_winrate,motivation
CONV_EDU-t04-01,CONV_EDU,onderwijs,4,B,4,5,4,5,4,5,5,5,4,5,veroorzaakt ruis,,nee,"B biedt meer concrete strategieën en richt zich directer op betrokkenheid; A's focus op ethiek is minder relevant."
CONV_EDU-t05-02,CONV_EDU,onderwijs,5,gelijk,5,5,5,5,5,5,5,5,5,5,maakt geen verschil,,nee,"Beide antwoorden zijn vrijwel identiek in inhoud en structuur; geen noemenswaardig verschil."
CONV_EDU-t06-03,CONV_EDU,onderwijs,6,A,5,4,5,4,5,4,5,5,5,4,helpt een beetje,,nee,"A behandelt meer valkuilen en is specifieker over implementatieproblemen; B's toevoeging over ethiek is nuttig maar niet doorslaggevend."
CONV_HEALTH-t04-04,CONV_HEALTH,publieke gezondheid,4,A,5,4,5,4,5,4,5,5,5,4,helpt duidelijk,,nee,"A benadrukt psychologische drijfveren, cruciaal voor het bereiken van niet-gezonde jongeren; B mist dit expliciet."
CONV_HEALTH-t05-05,CONV_HEALTH,publieke gezondheid,5,B,4,5,4,5,4,5,5,5,4,5,helpt duidelijk,,nee,"B integreert psychologische factoren in de rol van scholen, wat bijdraagt aan een dieper inzicht; A mist dit."
CONV_HEALTH-t06-06,CONV_HEALTH,publieke gezondheid,6,A,5,4,5,4,5,4,5,5,5,4,helpt duidelijk,,nee,"A is specifieker voor jongerencampagnes en benoemt psychologische factoren en betrokkenheid van ouders/scholen; B is algemener."
CONV_POLICY-t04-07,CONV_POLICY,beleid,4,B,4,5,4,5,4,5,5,5,4,5,veroorzaakt ruis,,nee,"A heeft een uitgebreid deel over financieringsmodellen dat niet direct de vraag beantwoordt; B blijft dichter bij de vraag en is evenwichtiger."
CONV_POLICY-t05-08,CONV_POLICY,beleid,5,B,4,5,4,5,4,5,5,5,4,5,helpt duidelijk,,nee,"B voegt sociale rechtvaardigheid en innovatieve financiering toe, wat bijdraagt aan houdbaarheid; A mist deze aspecten."
CONV_POLICY-t06-09,CONV_POLICY,beleid,6,A,5,4,5,4,5,4,5,5,5,4,helpt een beetje,,nee,"A behandelt politieke veranderingen en technische onzekerheden, cruciale punten voor gemeentelijke plannen; B's toevoegingen over sociale rechtvaardigheid en financiering zijn nuttig maar niet genoeg om A te overtreffen."
